{"_runtime":182.7160165,"_timestamp":1.764851210822983e+09,"monitoring_4282f86d_memory":13.073562622070312,"validation_loss":0.2892548803305162,"validation_accuracy":0.9072501607247226,"train_gradient_norm":1.3595116487293686,"_wandb":{"runtime":182},"monitoring_4282f86d_cpu":13.5,"train_accuracy":0.9630315774862211,"_step":99,"train_loss":0.1730561965927502,"train_learning_rate":0.0006302494097246091}